-- phpMyAdmin SQL Dump
-- version 5.2.1
-- https://www.phpmyadmin.net/
--
-- Host: 127.0.0.1
-- Generation Time: Dec 13, 2023 at 08:30 AM
-- Server version: 10.4.32-MariaDB
-- PHP Version: 8.2.12

SET SQL_MODE = "NO_AUTO_VALUE_ON_ZERO";
START TRANSACTION;
SET time_zone = "+00:00";


/*!40101 SET @OLD_CHARACTER_SET_CLIENT=@@CHARACTER_SET_CLIENT */;
/*!40101 SET @OLD_CHARACTER_SET_RESULTS=@@CHARACTER_SET_RESULTS */;
/*!40101 SET @OLD_COLLATION_CONNECTION=@@COLLATION_CONNECTION */;
/*!40101 SET NAMES utf8mb4 */;

--
-- Database: `dt`
--

-- --------------------------------------------------------

--
-- Table structure for table `chitiethoadon`
--

CREATE TABLE `chitiethoadon` (
  `id` int(11) NOT NULL,
  `ma_hoa_don` int(11) DEFAULT NULL,
  `ma_san_pham` int(11) DEFAULT NULL,
  `so_luong` int(11) DEFAULT NULL,
  `don_gia` float DEFAULT NULL,
  `tong` float DEFAULT NULL,
  `giam` float NOT NULL,
  `thanhTien` float DEFAULT NULL
) ENGINE=InnoDB DEFAULT CHARSET=utf8 COLLATE=utf8_general_ci;

--
-- Dumping data for table `chitiethoadon`
--

INSERT INTO `chitiethoadon` (`id`, `ma_hoa_don`, `ma_san_pham`, `so_luong`, `don_gia`, `tong`, `giam`, `thanhTien`) VALUES
(1, 9, 24, 1, 29000000, 29000000, 0, 29000000),
(2, 10, 24, 4, 29000000, 116000000, 0, 116000000),
(3, 11, 24, 4, 29000000, 116000000, 0, 116000000),
(4, 11, 18, 1, 24000000, 24000000, 0, 24000000),
(5, 11, 17, 1, 3000000, 3000000, 0, 3000000),
(6, 12, 24, 1, 29000000, 29000000, 0, 29000000),
(7, 12, 18, 1, 24000000, 24000000, 0, 24000000),
(8, 12, 17, 1, 3000000, 3000000, 0, 3000000),
(9, 13, 24, 1, 29000000, 29000000, 0, 29000000),
(10, 13, 18, 1, 24000000, 24000000, 0, 24000000),
(11, 13, 17, 1, 3000000, 3000000, 0, 3000000),
(12, 14, 24, 1, 29000000, 29000000, 0, 29000000),
(13, 14, 18, 3, 24000000, 72000000, 0, 72000000),
(14, 14, 17, 2, 3000000, 6000000, 0, 6000000),
(15, 15, 24, 4, 29000000, 116000000, 0, 116000000),
(16, 15, 18, 3, 24000000, 72000000, 0, 72000000),
(17, 15, 17, 2, 3000000, 6000000, 0, 6000000),
(18, 16, 24, 1, 29000000, 29000000, 0, 29000000),
(19, 16, 18, 3, 24000000, 72000000, 0, 72000000),
(20, 16, 17, 2, 3000000, 6000000, 0, 6000000),
(21, 17, 24, 4, 29000000, 116000000, 0, 116000000),
(22, 17, 18, 3, 24000000, 72000000, 0, 72000000),
(23, 17, 17, 2, 3000000, 6000000, 0, 6000000),
(24, 18, 24, 4, 29000000, 116000000, 0, 116000000),
(25, 18, 18, 1, 24000000, 24000000, 0, 24000000),
(26, 18, 17, 2, 3000000, 6000000, 0, 6000000),
(27, 19, 24, 4, 29000000, 116000000, 0, 116000000),
(28, 19, 18, 3, 24000000, 72000000, 0, 72000000),
(29, 19, 17, 2, 3000000, 6000000, 0, 6000000),
(30, 20, 24, 4, 29000000, 116000000, 0, 116000000),
(31, 20, 18, 3, 24000000, 72000000, 0, 72000000),
(32, 20, 17, 2, 3000000, 6000000, 0, 6000000),
(33, 21, 24, 4, 29000000, 116000000, 0, 116000000),
(34, 21, 18, 3, 24000000, 72000000, 0, 72000000),
(35, 21, 17, 2, 3000000, 6000000, 0, 6000000),
(36, 22, 24, 4, 29000000, 116000000, 0, 116000000),
(37, 22, 18, 3, 24000000, 72000000, 0, 72000000),
(38, 22, 17, 2, 3000000, 6000000, 0, 6000000),
(39, 23, 24, 4, 29000000, 116000000, 0, 116000000),
(40, 23, 18, 3, 24000000, 72000000, 0, 72000000),
(41, 23, 17, 2, 3000000, 6000000, 0, 6000000),
(42, 24, 24, 4, 29000000, 116000000, 0, 116000000),
(43, 24, 18, 3, 24000000, 72000000, 0, 72000000),
(44, 24, 17, 2, 3000000, 6000000, 0, 6000000),
(45, 25, 24, 4, 29000000, 116000000, 0, 116000000),
(46, 25, 18, 3, 24000000, 72000000, 0, 72000000),
(47, 25, 17, 2, 3000000, 6000000, 0, 6000000),
(48, 26, 24, 4, 29000000, 116000000, 0, 116000000),
(49, 26, 18, 3, 24000000, 72000000, 0, 72000000),
(50, 26, 17, 2, 3000000, 6000000, 0, 6000000),
(51, 27, 24, 4, 29000000, 116000000, 0, 116000000),
(52, 27, 18, 3, 24000000, 72000000, 0, 72000000),
(53, 27, 17, 2, 3000000, 6000000, 0, 6000000),
(54, 28, 24, 4, 29000000, 116000000, 0, 116000000),
(55, 28, 18, 3, 24000000, 72000000, 0, 72000000),
(56, 28, 17, 2, 3000000, 6000000, 0, 6000000),
(57, 29, 24, 4, 29000000, 116000000, 0, 116000000),
(58, 29, 18, 3, 24000000, 72000000, 0, 72000000),
(59, 29, 17, 2, 3000000, 6000000, 0, 6000000),
(60, 30, 24, 4, 29000000, 116000000, 0, 116000000),
(61, 30, 18, 3, 24000000, 72000000, 0, 72000000),
(62, 30, 17, 2, 3000000, 6000000, 0, 6000000),
(63, 31, 24, 4, 29000000, 116000000, 0, 116000000),
(64, 31, 18, 3, 24000000, 72000000, 0, 72000000),
(65, 31, 17, 2, 3000000, 6000000, 0, 6000000),
(66, 32, 24, 4, 29000000, 116000000, 0, 116000000),
(67, 32, 18, 3, 24000000, 72000000, 0, 72000000),
(68, 32, 17, 2, 3000000, 6000000, 0, 6000000),
(69, 33, 24, 4, 29000000, 116000000, 0, 116000000),
(70, 33, 18, 3, 24000000, 72000000, 0, 72000000),
(71, 33, 17, 2, 3000000, 6000000, 0, 6000000),
(72, 34, 24, 4, 29000000, 116000000, 0, 116000000),
(73, 34, 18, 3, 24000000, 72000000, 0, 72000000),
(74, 34, 17, 2, 3000000, 6000000, 0, 6000000),
(75, 35, 24, 4, 29000000, 116000000, 0, 116000000),
(76, 35, 18, 3, 24000000, 72000000, 0, 72000000),
(77, 35, 17, 2, 3000000, 6000000, 0, 6000000),
(78, 36, 24, 4, 29000000, 116000000, 0, 116000000),
(79, 36, 18, 3, 24000000, 72000000, 0, 72000000),
(80, 36, 17, 2, 3000000, 6000000, 0, 6000000),
(81, 37, 24, 4, 29000000, 116000000, 0, 116000000),
(82, 37, 18, 3, 24000000, 72000000, 0, 72000000),
(83, 37, 17, 2, 3000000, 6000000, 0, 6000000),
(84, 38, 24, 4, 29000000, 116000000, 0, 116000000),
(85, 38, 18, 3, 24000000, 72000000, 0, 72000000),
(86, 38, 17, 2, 3000000, 6000000, 0, 6000000),
(87, 39, 24, 4, 29000000, 116000000, 0, 116000000),
(88, 39, 18, 3, 24000000, 72000000, 0, 72000000),
(89, 39, 17, 2, 3000000, 6000000, 0, 6000000),
(90, 40, 24, 4, 29000000, 116000000, 0, 116000000),
(91, 40, 18, 3, 24000000, 72000000, 0, 72000000),
(92, 40, 17, 2, 3000000, 6000000, 0, 6000000),
(93, 41, 24, 4, 29000000, 116000000, 0, 116000000),
(94, 41, 18, 3, 24000000, 72000000, 0, 72000000),
(95, 41, 17, 2, 3000000, 6000000, 0, 6000000),
(96, 42, 24, 4, 29000000, 116000000, 0, 116000000),
(97, 42, 18, 3, 24000000, 72000000, 0, 72000000),
(98, 42, 17, 2, 3000000, 6000000, 0, 6000000),
(99, 43, 24, 4, 29000000, 116000000, 0, 116000000),
(100, 43, 18, 3, 24000000, 72000000, 0, 72000000),
(101, 43, 17, 2, 3000000, 6000000, 0, 6000000),
(102, 44, 24, 4, 29000000, 116000000, 0, 116000000),
(103, 44, 18, 3, 24000000, 72000000, 0, 72000000),
(104, 44, 17, 2, 3000000, 6000000, 0, 6000000),
(105, 45, 24, 4, 29000000, 116000000, 0, 116000000),
(106, 45, 18, 3, 24000000, 72000000, 0, 72000000),
(107, 45, 17, 2, 3000000, 6000000, 0, 6000000),
(108, 46, 24, 4, 29000000, 116000000, 0, 116000000),
(109, 46, 18, 3, 24000000, 72000000, 0, 72000000),
(110, 46, 17, 2, 3000000, 6000000, 0, 6000000),
(111, 47, 24, 4, 29000000, 116000000, 0, 116000000),
(112, 47, 18, 3, 24000000, 72000000, 0, 72000000),
(113, 47, 17, 2, 3000000, 6000000, 0, 6000000),
(114, 48, 24, 4, 29000000, 116000000, 0, 116000000),
(115, 48, 18, 3, 24000000, 72000000, 0, 72000000),
(116, 48, 17, 2, 3000000, 6000000, 0, 6000000),
(117, 49, 24, 4, 29000000, 116000000, 0, 116000000),
(118, 49, 18, 3, 24000000, 72000000, 0, 72000000),
(119, 49, 17, 2, 3000000, 6000000, 0, 6000000),
(120, 50, 24, 4, 29000000, 116000000, 0, 116000000),
(121, 50, 18, 3, 24000000, 72000000, 0, 72000000),
(122, 50, 17, 2, 3000000, 6000000, 0, 6000000),
(123, 51, 24, 4, 29000000, 116000000, 0, 116000000),
(124, 51, 18, 3, 24000000, 72000000, 0, 72000000),
(125, 51, 17, 2, 3000000, 6000000, 0, 6000000),
(126, 52, 24, 4, 29000000, 116000000, 0, 116000000),
(127, 52, 18, 3, 24000000, 72000000, 0, 72000000),
(128, 52, 17, 2, 3000000, 6000000, 0, 6000000),
(129, 53, 24, 4, 29000000, 116000000, 0, 116000000),
(130, 53, 18, 3, 24000000, 72000000, 0, 72000000),
(131, 53, 17, 2, 3000000, 6000000, 0, 6000000),
(132, 54, 24, 4, 29000000, 116000000, 0, 116000000),
(133, 54, 18, 3, 24000000, 72000000, 0, 72000000),
(134, 54, 17, 2, 3000000, 6000000, 0, 6000000),
(135, 55, 24, 4, 29000000, 116000000, 0, 116000000),
(136, 55, 18, 3, 24000000, 72000000, 0, 72000000),
(137, 55, 17, 2, 3000000, 6000000, 0, 6000000),
(138, 56, 24, 4, 29000000, 116000000, 0, 116000000),
(139, 56, 18, 3, 24000000, 72000000, 0, 72000000),
(140, 56, 17, 2, 3000000, 6000000, 0, 6000000),
(141, 57, 24, 4, 29000000, 116000000, 0, 116000000),
(142, 57, 18, 3, 24000000, 72000000, 0, 72000000),
(143, 57, 17, 2, 3000000, 6000000, 0, 6000000),
(144, 58, 24, 4, 29000000, 116000000, 0, 116000000),
(145, 58, 18, 3, 24000000, 72000000, 0, 72000000),
(146, 58, 17, 2, 3000000, 6000000, 0, 6000000),
(147, 59, 24, 4, 29000000, 116000000, 0, 116000000),
(148, 59, 18, 3, 24000000, 72000000, 0, 72000000),
(149, 59, 17, 2, 3000000, 6000000, 0, 6000000),
(150, 60, 24, 4, 29000000, 116000000, 0, 116000000),
(151, 60, 18, 3, 24000000, 72000000, 0, 72000000),
(152, 60, 17, 2, 3000000, 6000000, 0, 6000000),
(153, 63, 24, 4, 29000000, 116000000, 0, 116000000),
(154, 63, 18, 3, 24000000, 72000000, 0, 72000000),
(155, 63, 17, 2, 3000000, 6000000, 0, 6000000),
(156, 64, 24, 4, 29000000, 116000000, 0, 116000000),
(157, 64, 18, 3, 24000000, 72000000, 0, 72000000),
(158, 64, 17, 2, 3000000, 6000000, 0, 6000000),
(159, 65, 24, 4, 29000000, 116000000, 0, 116000000),
(160, 65, 18, 3, 24000000, 72000000, 0, 72000000),
(161, 65, 17, 2, 3000000, 6000000, 0, 6000000),
(162, 66, 24, 4, 29000000, 116000000, 0, 116000000),
(163, 66, 18, 3, 24000000, 72000000, 0, 72000000),
(164, 66, 17, 2, 3000000, 6000000, 0, 6000000),
(165, 67, 24, 4, 29000000, 116000000, 0, 116000000),
(166, 67, 18, 3, 24000000, 72000000, 0, 72000000),
(167, 67, 17, 2, 3000000, 6000000, 0, 6000000),
(168, 68, 24, 4, 29000000, 116000000, 0, 116000000),
(169, 68, 18, 3, 24000000, 72000000, 0, 72000000),
(170, 68, 17, 2, 3000000, 6000000, 0, 6000000),
(171, 69, 24, 4, 29000000, 116000000, 0, 116000000),
(172, 69, 18, 3, 24000000, 72000000, 0, 72000000),
(173, 69, 17, 2, 3000000, 6000000, 0, 6000000),
(174, 70, 24, 4, 29000000, 116000000, 0, 116000000),
(175, 70, 18, 3, 24000000, 72000000, 0, 72000000),
(176, 70, 17, 2, 3000000, 6000000, 0, 6000000),
(177, 71, 24, 4, 29000000, 116000000, 0, 116000000),
(178, 71, 18, 3, 24000000, 72000000, 0, 72000000),
(179, 71, 17, 2, 3000000, 6000000, 0, 6000000),
(180, 72, 24, 4, 29000000, 116000000, 0, 116000000),
(181, 72, 18, 3, 24000000, 72000000, 0, 72000000),
(182, 72, 17, 2, 3000000, 6000000, 0, 6000000),
(183, 73, 24, 4, 29000000, 116000000, 0, 116000000),
(184, 73, 18, 3, 24000000, 72000000, 0, 72000000),
(185, 73, 17, 2, 3000000, 6000000, 0, 6000000),
(186, 74, 24, 4, 29000000, 116000000, 0, 116000000),
(187, 74, 18, 3, 24000000, 72000000, 0, 72000000),
(188, 74, 17, 2, 3000000, 6000000, 0, 6000000),
(189, 75, 24, 4, 29000000, 116000000, 0, 116000000),
(190, 75, 18, 3, 24000000, 72000000, 0, 72000000),
(191, 75, 17, 2, 3000000, 6000000, 0, 6000000),
(192, 76, 24, 4, 29000000, 116000000, 0, 116000000),
(193, 76, 18, 3, 24000000, 72000000, 0, 72000000),
(194, 76, 17, 2, 3000000, 6000000, 0, 6000000),
(195, 77, 24, 4, 29000000, 116000000, 0, 116000000),
(196, 77, 18, 3, 24000000, 72000000, 0, 72000000),
(197, 77, 17, 2, 3000000, 6000000, 0, 6000000),
(198, 78, 24, 4, 29000000, 116000000, 0, 116000000),
(199, 78, 18, 3, 24000000, 72000000, 0, 72000000),
(200, 78, 17, 2, 3000000, 6000000, 0, 6000000),
(201, 79, 24, 4, 29000000, 116000000, 0, 116000000),
(202, 79, 18, 3, 24000000, 72000000, 0, 72000000),
(203, 79, 17, 2, 3000000, 6000000, 0, 6000000),
(204, 80, 24, 4, 29000000, 116000000, 0, 116000000),
(205, 80, 18, 3, 24000000, 72000000, 0, 72000000),
(206, 80, 17, 2, 3000000, 6000000, 0, 6000000),
(207, 81, 24, 4, 29000000, 116000000, 0, 116000000),
(208, 81, 18, 3, 24000000, 72000000, 0, 72000000),
(209, 81, 17, 2, 3000000, 6000000, 0, 6000000),
(210, 82, 24, 4, 29000000, 116000000, 0, 116000000),
(211, 82, 18, 3, 24000000, 72000000, 0, 72000000),
(212, 82, 17, 2, 3000000, 6000000, 0, 6000000),
(213, 83, 24, 4, 29000000, 116000000, 0, 116000000),
(214, 83, 18, 3, 24000000, 72000000, 0, 72000000),
(215, 83, 17, 2, 3000000, 6000000, 0, 6000000),
(216, 84, 24, 4, 29000000, 116000000, 0, 116000000),
(217, 84, 18, 3, 24000000, 72000000, 0, 72000000),
(218, 84, 17, 2, 3000000, 6000000, 0, 6000000),
(219, 85, 24, 4, 29000000, 116000000, 0, 116000000),
(220, 85, 18, 3, 24000000, 72000000, 0, 72000000),
(221, 85, 17, 2, 3000000, 6000000, 0, 6000000);

-- --------------------------------------------------------

--
-- Table structure for table `hoadon`
--

CREATE TABLE `hoadon` (
  `ma_hoa_don` int(10) NOT NULL,
  `ngay_lap` date DEFAULT NULL,
  `khach_hang` varchar(225) DEFAULT NULL,
  `tong_tien` float DEFAULT NULL,
  `ma_uudai` varchar(255) DEFAULT NULL,
  `toTal` float DEFAULT NULL,
  `giao_hang` int(2) DEFAULT NULL,
  `status` int(2) NOT NULL
) ENGINE=InnoDB DEFAULT CHARSET=utf8 COLLATE=utf8_general_ci;

--
-- Dumping data for table `hoadon`
--

INSERT INTO `hoadon` (`ma_hoa_don`, `ngay_lap`, `khach_hang`, `tong_tien`, `ma_uudai`, `toTal`, `giao_hang`, `status`) VALUES
(9, '2023-12-08', 'soulixai', 116000000, '', 116000000, 0, 1),
(10, '2023-12-08', 'soulixai', 116000000, '', 116000000, 0, 1),
(11, '2023-10-08', 'soulixai', 143000000, '', 143000000, 1, 0),
(12, '2023-12-08', 'soulixai', 143000000, '', 143000000, 1, 0),
(13, '2023-12-08', 'soulixai', 143000000, '', 143000000, 0, 0),
(14, '2023-12-08', 'soulixai', 194000000, '', 194000000, 0, 0),
(15, '2023-12-08', 'soulixai', 194000000, '', 194000000, 0, 0),
(16, '2023-12-08', 'soulixai', 194000000, '', 194000000, 0, 0),
(17, '2023-12-08', 'soulixai', 194000000, '', 194000000, 0, 0),
(18, '2023-12-08', 'soulixai', 194000000, '', 194000000, 0, 0),
(19, '2023-12-08', 'soulixai', 194000000, '', 194000000, 0, 0),
(20, '2023-12-08', 'soulixai', 194000000, '', 194000000, 1, 0),
(21, '2023-11-20', 'soulixai', 194000000, '', 194000000, 0, 0),
(22, '2023-10-10', 'soulixai', 194000000, '', 194000000, 0, 0),
(23, '2023-09-01', 'soulixai', 194000000, '', 194000000, 0, 0),
(24, '2023-09-10', 'soulixai', 194000000, '', 194000000, 0, 0),
(25, '2023-09-30', 'soulixai', 194000000, '', 194000000, 0, 0),
(26, '2023-08-03', 'soulixai', 194000000, '', 194000000, 0, 0),
(27, '2023-11-10', 'soulixai', 194000000, '', 194000000, 0, 0),
(28, '0000-00-00', 'soulixai', 194000000, '', 194000000, 0, 0),
(29, '0000-00-00', 'soulixai', 194000000, '', 194000000, 0, 0),
(30, '0000-00-00', 'soulixai', 194000000, '', 194000000, 0, 0),
(31, '0000-00-00', 'soulixai', 194000000, '', 194000000, 0, 0),
(32, '0000-00-00', 'soulixai', 194000000, '', 194000000, 0, 0),
(33, '0000-00-00', 'soulixai', 194000000, '', 194000000, 0, 0),
(34, '0000-00-00', 'soulixai', 194000000, '', 194000000, 0, 0),
(35, '0000-00-00', 'soulixai', 194000000, '', 194000000, 0, 0),
(36, '0000-00-00', 'soulixai', 194000000, '', 194000000, 0, 0),
(37, '0000-00-00', 'soulixai', 194000000, '', 194000000, 0, 0),
(38, '0000-00-00', 'soulixai', 194000000, '', 194000000, 0, 0),
(39, '0000-00-00', 'soulixai', 194000000, '', 194000000, 0, 0),
(40, '0000-00-00', 'soulixai', 194000000, '', 194000000, 0, 0),
(41, '0000-00-00', 'soulixai', 194000000, '', 194000000, 0, 0),
(42, '0000-00-00', 'soulixai', 194000000, '', 194000000, 0, 0),
(43, '0000-00-00', 'soulixai', 194000000, '', 194000000, 0, 0),
(44, '0000-00-00', 'soulixai', 194000000, '', 194000000, 0, 0),
(45, '0000-00-00', 'soulixai', 194000000, '', 194000000, 0, 0),
(46, '0000-00-00', 'soulixai', 194000000, '', 194000000, 0, 0),
(47, '0000-00-00', 'soulixai', 194000000, '', 194000000, 0, 0),
(48, '0000-00-00', 'soulixai', 194000000, '', 194000000, 0, 0),
(49, '0000-00-00', 'soulixai', 194000000, '', 194000000, 0, 0),
(50, '0000-00-00', 'soulixai', 194000000, '', 194000000, 0, 0),
(51, '0000-00-00', 'soulixai', 194000000, '', 194000000, 0, 0),
(52, '0000-00-00', 'soulixai', 194000000, '', 194000000, 0, 0),
(53, '0000-00-00', 'soulixai', 194000000, '', 194000000, 0, 0),
(54, '0000-00-00', 'soulixai', 194000000, '', 194000000, 0, 0),
(55, '0000-00-00', 'soulixai', 194000000, '', 194000000, 0, 0),
(56, '0000-00-00', 'soulixai', 194000000, '', 194000000, 0, 0),
(57, '0000-00-00', 'soulixai', 194000000, '', 194000000, 0, 0),
(58, '0000-00-00', 'soulixai', 194000000, '', 194000000, 0, 0),
(59, '0000-00-00', 'soulixai', 194000000, '', 194000000, 0, 0),
(60, '0000-00-00', 'soulixai', 194000000, '', 194000000, 0, 0),
(61, '0000-00-00', 'soulixai', 194000000, '', 194000000, 0, 0),
(62, '0000-00-00', 'soulixai', 194000000, '', 194000000, 0, 0),
(63, '0000-00-00', 'soulixai', 194000000, '', 194000000, 0, 0),
(64, '0000-00-00', 'soulixai', 194000000, '', 194000000, 0, 0),
(65, '0000-00-00', 'soulixai', 194000000, '', 194000000, 0, 0),
(66, '0000-00-00', 'soulixai', 194000000, '', 194000000, 0, 0),
(67, '0000-00-00', 'soulixai', 194000000, '', 194000000, 0, 0),
(68, '0000-00-00', 'soulixai', 194000000, '', 194000000, 0, 0),
(69, '0000-00-00', 'soulixai', 194000000, '', 194000000, 0, 0),
(70, '0000-00-00', 'soulixai', 194000000, '', 194000000, 0, 0),
(71, '0000-00-00', 'soulixai', 194000000, '', 194000000, 0, 0),
(72, '0000-00-00', 'soulixai', 194000000, '', 194000000, 0, 0),
(73, '0000-00-00', 'soulixai', 194000000, '', 194000000, 0, 0),
(74, '0000-00-00', 'soulixai', 194000000, '', 194000000, 0, 0),
(75, '0000-00-00', 'soulixai', 194000000, '', 194000000, 0, 0),
(76, '0000-00-00', 'soulixai', 194000000, '', 194000000, 0, 0),
(77, '0000-00-00', 'soulixai', 194000000, '', 194000000, 0, 0),
(78, '0000-00-00', 'soulixai', 194000000, '', 194000000, 0, 0),
(79, '0000-00-00', 'soulixai', 194000000, '', 194000000, 0, 0),
(80, '0000-00-00', 'soulixai', 194000000, '', 194000000, 0, 0),
(81, '0000-00-00', 'soulixai', 194000000, '', 194000000, 0, 0),
(82, '0000-00-00', 'soulixai', 194000000, '', 194000000, 0, 0),
(83, '0000-00-00', 'soulixai', 194000000, '', 194000000, 0, 0),
(84, '0000-00-00', 'soulixai', 194000000, '', 194000000, 0, 0),
(85, '0000-00-00', 'soulixai', 194000000, '', 194000000, 0, 1);

-- --------------------------------------------------------

--
-- Table structure for table `mathang`
--

CREATE TABLE `mathang` (
  `m_ma` int(5) NOT NULL,
  `m_name` varchar(100) DEFAULT NULL
) ENGINE=InnoDB DEFAULT CHARSET=utf8 COLLATE=utf8_vietnamese_ci;

--
-- Dumping data for table `mathang`
--

INSERT INTO `mathang` (`m_ma`, `m_name`) VALUES
(1, 'điện thoại'),
(2, 'laptop'),
(3, 'Phụ kiện'),
(4, 'máy ảnh');

-- --------------------------------------------------------

--
-- Table structure for table `nguoidung`
--

CREATE TABLE `nguoidung` (
  `ng_id` int(11) NOT NULL,
  `ng_hoTen` text NOT NULL,
  `ng_email` varchar(50) NOT NULL,
  `ng_matKhau` text NOT NULL,
  `ng_Phone` text NOT NULL,
  `ng_diaChi` text NOT NULL,
  `ng_ngay_DK` date DEFAULT NULL,
  `role` int(2) DEFAULT NULL
) ENGINE=InnoDB DEFAULT CHARSET=utf8 COLLATE=utf8_general_ci;

--
-- Dumping data for table `nguoidung`
--

INSERT INTO `nguoidung` (`ng_id`, `ng_hoTen`, `ng_email`, `ng_matKhau`, `ng_Phone`, `ng_diaChi`, `ng_ngay_DK`, `role`) VALUES
(1, 'Nguyen A', 'Nguyen_A@gmail.com', '112233', '0912345678', '170 An Dương Vương, Quy Nhơn', NULL, 0),
(2, 'soulixai', 'soulixai.vls@gmail.com', '$2b$10$ZS9KLodekDyLGF7VYrpH8.USTnV5aqvgiDKfTJb2WhweG7Vx.Cona', '0916125698', '170 an duong vuong', '2023-12-08', 1),
(3, 'Nguyen B', 'nguyenb@gmail.com', '$2b$10$B.78G6jtbvW0aFHPDOCakO3o0k68LaSFdhBsDcGTY3RsYeP6zfFQy', '1234', '170 an duong vuong', '2023-12-11', NULL);

-- --------------------------------------------------------

--
-- Table structure for table `nhanhieu`
--

CREATE TABLE `nhanhieu` (
  `nh_ma` int(5) NOT NULL,
  `nh_name` varchar(50) DEFAULT NULL
) ENGINE=InnoDB DEFAULT CHARSET=utf8 COLLATE=utf8_vietnamese_ci;

--
-- Dumping data for table `nhanhieu`
--

INSERT INTO `nhanhieu` (`nh_ma`, `nh_name`) VALUES
(1, 'samsung'),
(2, 'iphone'),
(3, 'lenovo'),
(4, 'vivo'),
(5, 'huawei'),
(6, 'sony'),
(7, 'canon'),
(8, 'msi'),
(9, 'acer'),
(10, 'xiaomi');

-- --------------------------------------------------------

--
-- Table structure for table `nhanvien`
--

CREATE TABLE `nhanvien` (
  `n_ma` int(5) NOT NULL,
  `n_hoTen` varchar(50) DEFAULT NULL,
  `n_gioiTinh` varchar(10) DEFAULT NULL,
  `n_ngaySinh` date DEFAULT NULL,
  `n_diachi` varchar(200) DEFAULT NULL,
  `n_sdt` text DEFAULT NULL,
  `n_username` varchar(50) NOT NULL,
  `n_password` varchar(50) NOT NULL,
  `n_chucvu` varchar(50) NOT NULL
) ENGINE=InnoDB DEFAULT CHARSET=utf8 COLLATE=utf8_vietnamese_ci;

--
-- Dumping data for table `nhanvien`
--

INSERT INTO `nhanvien` (`n_ma`, `n_hoTen`, `n_gioiTinh`, `n_ngaySinh`, `n_diachi`, `n_sdt`, `n_username`, `n_password`, `n_chucvu`) VALUES
(1, 'nopd', 'nam', '2002-01-13', 'quy nhon', '2222222', 'nopd', '1234', 'admin');

-- --------------------------------------------------------

--
-- Table structure for table `sanpham`
--

CREATE TABLE `sanpham` (
  `s_ma` int(5) NOT NULL,
  `s_ten` varchar(100) DEFAULT NULL,
  `s_hinh` varchar(500) NOT NULL,
  `s_mathang` int(5) DEFAULT NULL,
  `s_nhanhieu` int(5) NOT NULL,
  `s_giamua` float NOT NULL,
  `s_gia` int(10) DEFAULT NULL,
  `s_uudai` float NOT NULL,
  `s_soluong` int(5) DEFAULT NULL,
  `s_mota` varchar(500) NOT NULL
) ENGINE=InnoDB DEFAULT CHARSET=utf8 COLLATE=utf8_vietnamese_ci;

--
-- Dumping data for table `sanpham`
--

INSERT INTO `sanpham` (`s_ma`, `s_ten`, `s_hinh`, `s_mathang`, `s_nhanhieu`, `s_giamua`, `s_gia`, `s_uudai`, `s_soluong`, `s_mota`) VALUES
(13, 'Iphone 13 pro', 'image-removebg-preview-15.png', 1, 2, 0, 25000000, 10, 100, ''),
(15, 'Macbook pro 13 inch', 'MacBookPro-2020-M1-SpaceGray.jpg', 2, 2, 0, 30000000, 0, 100, ''),
(16, 'Sony a7 iv', 'sony-alpha-a7m4.jpg', 4, 6, 0, 40000000, 0, 100, ''),
(17, 'airpod pro', 'Tai nghe Apple AirPods Pro.png', 3, 2, 0, 3000000, 0, 93, ''),
(18, 'Samsung galaxy s22 ultra', 'samsung_galaxy_s22_ultra_-_black_721a96a9cea54cc3be0ffa7fe2e14b0f.webp', 1, 1, 0, 24000000, 0, 92, ''),
(19, 'samsung s22+', 'image-removebg-preview-7.png', 1, 1, 0, 17000000, 0, 100, ''),
(20, 'Huawei p50', 'huawei-p50-pro-extra.webp', 1, 5, 0, 23000000, 0, 100, 'Huawei chính thức công bố dòng smartphone cao cấp Huawei P50. Chiếc điện thoại giúp khám phá bước tiến mới với hệ thống camera siêu khủng cùng một thiết kế khác biệt hoàn toàn so với thế hệ trước, hứa hẹn sẽ dẫn đầu xu hướng và tạo ra những trải nghiệm đẳng cấp, khác biệt cho người dùng. Thiết kế tinh xảo, nổi bật Tổng thể Huawei P50 mang một dáng vẻ sang trọng và cao cấp với mặt lưng được đánh bóng đến mức hoàn hảo kèm khung viền kim loại tạo cảm giác cứng cáp, chắn chắn.'),
(22, 'Canon m50', 'canon-eos-m50-kit-1545mm-den(2).jpg', 4, 7, 0, 20000000, 0, 100, ''),
(23, 'Acer nitro 5', '2086_laptopaz_acer_eagle_an515_57_1.jpg', 2, 9, 0, 18000000, 0, 100, ''),
(24, 'Airpod 3', 'image-removebg-preview_637702417485579178.png', 3, 2, 0, 29000000, 0, 83, '');

-- --------------------------------------------------------

--
-- Table structure for table `tb_content`
--

CREATE TABLE `tb_content` (
  `id` int(10) NOT NULL,
  `content_name` varchar(255) NOT NULL,
  `s_ma` int(5) NOT NULL,
  `content_img` varchar(255) NOT NULL,
  `content_desc` varchar(255) NOT NULL,
  `content_date` date NOT NULL,
  `content_status` int(2) NOT NULL,
  `content_stt` int(2) NOT NULL
) ENGINE=InnoDB DEFAULT CHARSET=utf8 COLLATE=utf8_general_ci;

--
-- Dumping data for table `tb_content`
--

INSERT INTO `tb_content` (`id`, `content_name`, `s_ma`, `content_img`, `content_desc`, `content_date`, `content_status`, `content_stt`) VALUES
(13, 'IP15NEW2023', 0, 'IP15NEW20231701165290646.jpg', ' ưu đãi iphone 15', '2023-11-28', 1, 2),
(14, 'NEWHPVICTUS15', 0, 'NEWHPVICTUS151701166706575.jpg', ' NEWHPVICTUS15', '2023-11-28', 1, 1);

-- --------------------------------------------------------

--
-- Table structure for table `tb_thanhtoan`
--

CREATE TABLE `tb_thanhtoan` (
  `id` int(10) NOT NULL,
  `id_hoadon` int(10) NOT NULL,
  `vnp_Amount` double NOT NULL,
  `vnp_BankCode` varchar(255) NOT NULL,
  `vnp_BankTranNo` varchar(255) NOT NULL,
  `vnp_CardType` varchar(255) NOT NULL,
  `vnp_OrderInfo` varchar(225) NOT NULL,
  `vnp_PayDate` date NOT NULL,
  `vnp_ResponseCode` varchar(225) NOT NULL,
  `vnp_TmnCode` varchar(225) NOT NULL,
  `vnp_TransactionNo` varchar(225) NOT NULL,
  `vnp_TransactionStatus` varchar(225) NOT NULL,
  `vnp_TxnRef` varchar(225) NOT NULL,
  `vnp_SecureHash` varchar(225) NOT NULL
) ENGINE=InnoDB DEFAULT CHARSET=utf8mb4 COLLATE=utf8mb4_general_ci;

--
-- Dumping data for table `tb_thanhtoan`
--

INSERT INTO `tb_thanhtoan` (`id`, `id_hoadon`, `vnp_Amount`, `vnp_BankCode`, `vnp_BankTranNo`, `vnp_CardType`, `vnp_OrderInfo`, `vnp_PayDate`, `vnp_ResponseCode`, `vnp_TmnCode`, `vnp_TransactionNo`, `vnp_TransactionStatus`, `vnp_TxnRef`, `vnp_SecureHash`) VALUES
(1, 6, 11600000000, 'NCB', 'VNP14228190', 'ATM', 'Thanh toan cho ma GD:08115833', '2023-12-08', '00', '8UX48MRS', '14228190', '00', '08115833', '17304592a08fce0f1bd5658477d9885e39d1e1d56238581a744e565e4567c5d89c10cc6dca563e0479c619627f59724d6edfa766465159001eed2a73815cb524'),
(2, 7, 11600000000, 'NCB', 'VNP14228190', 'ATM', 'Thanh toan cho ma GD:08115833', '2023-12-08', '00', '8UX48MRS', '14228190', '00', '08115833', '17304592a08fce0f1bd5658477d9885e39d1e1d56238581a744e565e4567c5d89c10cc6dca563e0479c619627f59724d6edfa766465159001eed2a73815cb524'),
(3, 8, 11600000000, 'NCB', 'VNP14228190', 'ATM', 'Thanh toan cho ma GD:08115833', '2023-12-08', '00', '8UX48MRS', '14228190', '00', '08115833', '17304592a08fce0f1bd5658477d9885e39d1e1d56238581a744e565e4567c5d89c10cc6dca563e0479c619627f59724d6edfa766465159001eed2a73815cb524'),
(4, 9, 11600000000, 'NCB', 'VNP14228190', 'ATM', 'Thanh toan cho ma GD:08115833', '2023-12-08', '00', '8UX48MRS', '14228190', '00', '08115833', '17304592a08fce0f1bd5658477d9885e39d1e1d56238581a744e565e4567c5d89c10cc6dca563e0479c619627f59724d6edfa766465159001eed2a73815cb524'),
(5, 10, 11600000000, 'NCB', 'VNP14228190', 'ATM', 'Thanh toan cho ma GD:08115833', '2023-12-08', '00', '8UX48MRS', '14228190', '00', '08115833', '17304592a08fce0f1bd5658477d9885e39d1e1d56238581a744e565e4567c5d89c10cc6dca563e0479c619627f59724d6edfa766465159001eed2a73815cb524'),
(6, 11, 14300000000, 'NCB', 'VNP14228416', 'ATM', 'Thanh toan cho ma GD:08141658', '2023-12-08', '00', '8UX48MRS', '14228416', '00', '08141658', '5c19ed998f0aebec3c7865d0c1b54e4400db92224c761eb9877999dbe95da8af93b0f669b2169dff1719d61a74865db794aa4c50eef0dc54cbd9e97861b3d843'),
(7, 12, 14300000000, 'NCB', 'VNP14228416', 'ATM', 'Thanh toan cho ma GD:08141658', '2023-12-08', '00', '8UX48MRS', '14228416', '00', '08141658', '5c19ed998f0aebec3c7865d0c1b54e4400db92224c761eb9877999dbe95da8af93b0f669b2169dff1719d61a74865db794aa4c50eef0dc54cbd9e97861b3d843'),
(8, 13, 14300000000, 'NCB', 'VNP14228416', 'ATM', 'Thanh toan cho ma GD:08141658', '2023-12-08', '00', '8UX48MRS', '14228416', '00', '08141658', '5c19ed998f0aebec3c7865d0c1b54e4400db92224c761eb9877999dbe95da8af93b0f669b2169dff1719d61a74865db794aa4c50eef0dc54cbd9e97861b3d843'),
(9, 14, 19400000000, 'NCB', 'VNP14228433', 'ATM', 'Thanh toan cho ma GD:08142134', '2023-12-08', '00', '8UX48MRS', '14228433', '00', '08142134', '47759b553f6fa3779bc5c8cee6ba863212566232f31becb712c1111ce5aa6d5c755d69e17671fece6456f63148c658e1acce8d8051b1bd29c34384a6703f6997'),
(10, 15, 19400000000, 'NCB', 'VNP14228527', 'ATM', 'Thanh toan cho ma GD:08145015', '2023-12-08', '00', '8UX48MRS', '14228527', '00', '08145015', 'aac99ece9938706169a4910b621978713ea73ba64c70497b12ef214c6282edfb50d0a68fec1422427da6461c257e1c72fdaca22fa1e4233c71e3d05c2bc443fa'),
(11, 16, 19400000000, 'NCB', 'VNP14228527', 'ATM', 'Thanh toan cho ma GD:08145015', '2023-12-08', '00', '8UX48MRS', '14228527', '00', '08145015', 'aac99ece9938706169a4910b621978713ea73ba64c70497b12ef214c6282edfb50d0a68fec1422427da6461c257e1c72fdaca22fa1e4233c71e3d05c2bc443fa'),
(12, 17, 19400000000, 'NCB', 'VNP14228527', 'ATM', 'Thanh toan cho ma GD:08145015', '2023-12-08', '00', '8UX48MRS', '14228527', '00', '08145015', 'aac99ece9938706169a4910b621978713ea73ba64c70497b12ef214c6282edfb50d0a68fec1422427da6461c257e1c72fdaca22fa1e4233c71e3d05c2bc443fa'),
(13, 18, 19400000000, 'NCB', 'VNP14228527', 'ATM', 'Thanh toan cho ma GD:08145015', '2023-12-08', '00', '8UX48MRS', '14228527', '00', '08145015', 'aac99ece9938706169a4910b621978713ea73ba64c70497b12ef214c6282edfb50d0a68fec1422427da6461c257e1c72fdaca22fa1e4233c71e3d05c2bc443fa'),
(14, 19, 19400000000, 'NCB', 'VNP14228527', 'ATM', 'Thanh toan cho ma GD:08145015', '2023-12-08', '00', '8UX48MRS', '14228527', '00', '08145015', 'aac99ece9938706169a4910b621978713ea73ba64c70497b12ef214c6282edfb50d0a68fec1422427da6461c257e1c72fdaca22fa1e4233c71e3d05c2bc443fa'),
(15, 20, 19400000000, 'NCB', 'VNP14228527', 'ATM', 'Thanh toan cho ma GD:08145015', '2023-12-08', '00', '8UX48MRS', '14228527', '00', '08145015', 'aac99ece9938706169a4910b621978713ea73ba64c70497b12ef214c6282edfb50d0a68fec1422427da6461c257e1c72fdaca22fa1e4233c71e3d05c2bc443fa'),
(16, 21, 19400000000, 'NCB', 'VNP14228527', 'ATM', 'Thanh toan cho ma GD:08145015', '2023-12-08', '00', '8UX48MRS', '14228527', '00', '08145015', 'aac99ece9938706169a4910b621978713ea73ba64c70497b12ef214c6282edfb50d0a68fec1422427da6461c257e1c72fdaca22fa1e4233c71e3d05c2bc443fa'),
(17, 22, 19400000000, 'NCB', 'VNP14228527', 'ATM', 'Thanh toan cho ma GD:08145015', '2023-12-08', '00', '8UX48MRS', '14228527', '00', '08145015', 'aac99ece9938706169a4910b621978713ea73ba64c70497b12ef214c6282edfb50d0a68fec1422427da6461c257e1c72fdaca22fa1e4233c71e3d05c2bc443fa'),
(18, 23, 19400000000, 'NCB', 'VNP14228527', 'ATM', 'Thanh toan cho ma GD:08145015', '2023-12-08', '00', '8UX48MRS', '14228527', '00', '08145015', 'aac99ece9938706169a4910b621978713ea73ba64c70497b12ef214c6282edfb50d0a68fec1422427da6461c257e1c72fdaca22fa1e4233c71e3d05c2bc443fa'),
(19, 24, 19400000000, 'NCB', 'VNP14228527', 'ATM', 'Thanh toan cho ma GD:08145015', '2023-12-08', '00', '8UX48MRS', '14228527', '00', '08145015', 'aac99ece9938706169a4910b621978713ea73ba64c70497b12ef214c6282edfb50d0a68fec1422427da6461c257e1c72fdaca22fa1e4233c71e3d05c2bc443fa'),
(20, 25, 19400000000, 'NCB', 'VNP14228527', 'ATM', 'Thanh toan cho ma GD:08145015', '2023-12-08', '00', '8UX48MRS', '14228527', '00', '08145015', 'aac99ece9938706169a4910b621978713ea73ba64c70497b12ef214c6282edfb50d0a68fec1422427da6461c257e1c72fdaca22fa1e4233c71e3d05c2bc443fa'),
(21, 26, 19400000000, 'NCB', 'VNP14228527', 'ATM', 'Thanh toan cho ma GD:08145015', '2023-12-08', '00', '8UX48MRS', '14228527', '00', '08145015', 'aac99ece9938706169a4910b621978713ea73ba64c70497b12ef214c6282edfb50d0a68fec1422427da6461c257e1c72fdaca22fa1e4233c71e3d05c2bc443fa'),
(22, 27, 19400000000, 'NCB', 'VNP14228527', 'ATM', 'Thanh toan cho ma GD:08145015', '2023-12-08', '00', '8UX48MRS', '14228527', '00', '08145015', 'aac99ece9938706169a4910b621978713ea73ba64c70497b12ef214c6282edfb50d0a68fec1422427da6461c257e1c72fdaca22fa1e4233c71e3d05c2bc443fa'),
(23, 28, 19400000000, 'NCB', 'VNP14228527', 'ATM', 'Thanh toan cho ma GD:08145015', '2023-12-08', '00', '8UX48MRS', '14228527', '00', '08145015', 'aac99ece9938706169a4910b621978713ea73ba64c70497b12ef214c6282edfb50d0a68fec1422427da6461c257e1c72fdaca22fa1e4233c71e3d05c2bc443fa'),
(24, 29, 19400000000, 'NCB', 'VNP14228527', 'ATM', 'Thanh toan cho ma GD:08145015', '2023-12-08', '00', '8UX48MRS', '14228527', '00', '08145015', 'aac99ece9938706169a4910b621978713ea73ba64c70497b12ef214c6282edfb50d0a68fec1422427da6461c257e1c72fdaca22fa1e4233c71e3d05c2bc443fa'),
(25, 30, 19400000000, 'NCB', 'VNP14228527', 'ATM', 'Thanh toan cho ma GD:08145015', '2023-12-08', '00', '8UX48MRS', '14228527', '00', '08145015', 'aac99ece9938706169a4910b621978713ea73ba64c70497b12ef214c6282edfb50d0a68fec1422427da6461c257e1c72fdaca22fa1e4233c71e3d05c2bc443fa'),
(26, 31, 19400000000, 'NCB', 'VNP14228527', 'ATM', 'Thanh toan cho ma GD:08145015', '2023-12-08', '00', '8UX48MRS', '14228527', '00', '08145015', 'aac99ece9938706169a4910b621978713ea73ba64c70497b12ef214c6282edfb50d0a68fec1422427da6461c257e1c72fdaca22fa1e4233c71e3d05c2bc443fa'),
(27, 32, 19400000000, 'NCB', 'VNP14228527', 'ATM', 'Thanh toan cho ma GD:08145015', '2023-12-08', '00', '8UX48MRS', '14228527', '00', '08145015', 'aac99ece9938706169a4910b621978713ea73ba64c70497b12ef214c6282edfb50d0a68fec1422427da6461c257e1c72fdaca22fa1e4233c71e3d05c2bc443fa'),
(28, 33, 19400000000, 'NCB', 'VNP14228527', 'ATM', 'Thanh toan cho ma GD:08145015', '2023-12-08', '00', '8UX48MRS', '14228527', '00', '08145015', 'aac99ece9938706169a4910b621978713ea73ba64c70497b12ef214c6282edfb50d0a68fec1422427da6461c257e1c72fdaca22fa1e4233c71e3d05c2bc443fa'),
(29, 34, 19400000000, 'NCB', 'VNP14228527', 'ATM', 'Thanh toan cho ma GD:08145015', '2023-12-08', '00', '8UX48MRS', '14228527', '00', '08145015', 'aac99ece9938706169a4910b621978713ea73ba64c70497b12ef214c6282edfb50d0a68fec1422427da6461c257e1c72fdaca22fa1e4233c71e3d05c2bc443fa'),
(30, 35, 19400000000, 'NCB', 'VNP14228527', 'ATM', 'Thanh toan cho ma GD:08145015', '2023-12-08', '00', '8UX48MRS', '14228527', '00', '08145015', 'aac99ece9938706169a4910b621978713ea73ba64c70497b12ef214c6282edfb50d0a68fec1422427da6461c257e1c72fdaca22fa1e4233c71e3d05c2bc443fa'),
(31, 36, 19400000000, 'NCB', 'VNP14228527', 'ATM', 'Thanh toan cho ma GD:08145015', '2023-12-08', '00', '8UX48MRS', '14228527', '00', '08145015', 'aac99ece9938706169a4910b621978713ea73ba64c70497b12ef214c6282edfb50d0a68fec1422427da6461c257e1c72fdaca22fa1e4233c71e3d05c2bc443fa'),
(32, 37, 19400000000, 'NCB', 'VNP14228527', 'ATM', 'Thanh toan cho ma GD:08145015', '2023-12-08', '00', '8UX48MRS', '14228527', '00', '08145015', 'aac99ece9938706169a4910b621978713ea73ba64c70497b12ef214c6282edfb50d0a68fec1422427da6461c257e1c72fdaca22fa1e4233c71e3d05c2bc443fa'),
(33, 38, 19400000000, 'NCB', 'VNP14228527', 'ATM', 'Thanh toan cho ma GD:08145015', '2023-12-08', '00', '8UX48MRS', '14228527', '00', '08145015', 'aac99ece9938706169a4910b621978713ea73ba64c70497b12ef214c6282edfb50d0a68fec1422427da6461c257e1c72fdaca22fa1e4233c71e3d05c2bc443fa'),
(34, 39, 19400000000, 'NCB', 'VNP14228527', 'ATM', 'Thanh toan cho ma GD:08145015', '2023-12-08', '00', '8UX48MRS', '14228527', '00', '08145015', 'aac99ece9938706169a4910b621978713ea73ba64c70497b12ef214c6282edfb50d0a68fec1422427da6461c257e1c72fdaca22fa1e4233c71e3d05c2bc443fa'),
(35, 40, 19400000000, 'NCB', 'VNP14228527', 'ATM', 'Thanh toan cho ma GD:08145015', '2023-12-08', '00', '8UX48MRS', '14228527', '00', '08145015', 'aac99ece9938706169a4910b621978713ea73ba64c70497b12ef214c6282edfb50d0a68fec1422427da6461c257e1c72fdaca22fa1e4233c71e3d05c2bc443fa'),
(36, 41, 19400000000, 'NCB', 'VNP14228527', 'ATM', 'Thanh toan cho ma GD:08145015', '2023-12-08', '00', '8UX48MRS', '14228527', '00', '08145015', 'aac99ece9938706169a4910b621978713ea73ba64c70497b12ef214c6282edfb50d0a68fec1422427da6461c257e1c72fdaca22fa1e4233c71e3d05c2bc443fa'),
(37, 42, 19400000000, 'NCB', 'VNP14228527', 'ATM', 'Thanh toan cho ma GD:08145015', '2023-12-08', '00', '8UX48MRS', '14228527', '00', '08145015', 'aac99ece9938706169a4910b621978713ea73ba64c70497b12ef214c6282edfb50d0a68fec1422427da6461c257e1c72fdaca22fa1e4233c71e3d05c2bc443fa'),
(38, 43, 19400000000, 'NCB', 'VNP14228527', 'ATM', 'Thanh toan cho ma GD:08145015', '2023-12-08', '00', '8UX48MRS', '14228527', '00', '08145015', 'aac99ece9938706169a4910b621978713ea73ba64c70497b12ef214c6282edfb50d0a68fec1422427da6461c257e1c72fdaca22fa1e4233c71e3d05c2bc443fa'),
(39, 44, 19400000000, 'NCB', 'VNP14228527', 'ATM', 'Thanh toan cho ma GD:08145015', '2023-12-08', '00', '8UX48MRS', '14228527', '00', '08145015', 'aac99ece9938706169a4910b621978713ea73ba64c70497b12ef214c6282edfb50d0a68fec1422427da6461c257e1c72fdaca22fa1e4233c71e3d05c2bc443fa'),
(40, 45, 19400000000, 'NCB', 'VNP14228527', 'ATM', 'Thanh toan cho ma GD:08145015', '2023-12-08', '00', '8UX48MRS', '14228527', '00', '08145015', 'aac99ece9938706169a4910b621978713ea73ba64c70497b12ef214c6282edfb50d0a68fec1422427da6461c257e1c72fdaca22fa1e4233c71e3d05c2bc443fa'),
(41, 46, 19400000000, 'NCB', 'VNP14228527', 'ATM', 'Thanh toan cho ma GD:08145015', '2023-12-08', '00', '8UX48MRS', '14228527', '00', '08145015', 'aac99ece9938706169a4910b621978713ea73ba64c70497b12ef214c6282edfb50d0a68fec1422427da6461c257e1c72fdaca22fa1e4233c71e3d05c2bc443fa'),
(42, 47, 19400000000, 'NCB', 'VNP14228527', 'ATM', 'Thanh toan cho ma GD:08145015', '2023-12-08', '00', '8UX48MRS', '14228527', '00', '08145015', 'aac99ece9938706169a4910b621978713ea73ba64c70497b12ef214c6282edfb50d0a68fec1422427da6461c257e1c72fdaca22fa1e4233c71e3d05c2bc443fa'),
(43, 48, 19400000000, 'NCB', 'VNP14228527', 'ATM', 'Thanh toan cho ma GD:08145015', '2023-12-08', '00', '8UX48MRS', '14228527', '00', '08145015', 'aac99ece9938706169a4910b621978713ea73ba64c70497b12ef214c6282edfb50d0a68fec1422427da6461c257e1c72fdaca22fa1e4233c71e3d05c2bc443fa'),
(44, 49, 19400000000, 'NCB', 'VNP14228527', 'ATM', 'Thanh toan cho ma GD:08145015', '2023-12-08', '00', '8UX48MRS', '14228527', '00', '08145015', 'aac99ece9938706169a4910b621978713ea73ba64c70497b12ef214c6282edfb50d0a68fec1422427da6461c257e1c72fdaca22fa1e4233c71e3d05c2bc443fa'),
(45, 50, 19400000000, 'NCB', 'VNP14228527', 'ATM', 'Thanh toan cho ma GD:08145015', '2023-12-08', '00', '8UX48MRS', '14228527', '00', '08145015', 'aac99ece9938706169a4910b621978713ea73ba64c70497b12ef214c6282edfb50d0a68fec1422427da6461c257e1c72fdaca22fa1e4233c71e3d05c2bc443fa'),
(46, 51, 19400000000, 'NCB', 'VNP14228527', 'ATM', 'Thanh toan cho ma GD:08145015', '2023-12-08', '00', '8UX48MRS', '14228527', '00', '08145015', 'aac99ece9938706169a4910b621978713ea73ba64c70497b12ef214c6282edfb50d0a68fec1422427da6461c257e1c72fdaca22fa1e4233c71e3d05c2bc443fa'),
(47, 52, 19400000000, 'NCB', 'VNP14228527', 'ATM', 'Thanh toan cho ma GD:08145015', '2023-12-08', '00', '8UX48MRS', '14228527', '00', '08145015', 'aac99ece9938706169a4910b621978713ea73ba64c70497b12ef214c6282edfb50d0a68fec1422427da6461c257e1c72fdaca22fa1e4233c71e3d05c2bc443fa'),
(48, 53, 19400000000, 'NCB', 'VNP14228527', 'ATM', 'Thanh toan cho ma GD:08145015', '2023-12-08', '00', '8UX48MRS', '14228527', '00', '08145015', 'aac99ece9938706169a4910b621978713ea73ba64c70497b12ef214c6282edfb50d0a68fec1422427da6461c257e1c72fdaca22fa1e4233c71e3d05c2bc443fa'),
(49, 54, 19400000000, 'NCB', 'VNP14228527', 'ATM', 'Thanh toan cho ma GD:08145015', '2023-12-08', '00', '8UX48MRS', '14228527', '00', '08145015', 'aac99ece9938706169a4910b621978713ea73ba64c70497b12ef214c6282edfb50d0a68fec1422427da6461c257e1c72fdaca22fa1e4233c71e3d05c2bc443fa'),
(50, 55, 19400000000, 'NCB', 'VNP14228527', 'ATM', 'Thanh toan cho ma GD:08145015', '2023-12-08', '00', '8UX48MRS', '14228527', '00', '08145015', 'aac99ece9938706169a4910b621978713ea73ba64c70497b12ef214c6282edfb50d0a68fec1422427da6461c257e1c72fdaca22fa1e4233c71e3d05c2bc443fa'),
(51, 56, 19400000000, 'NCB', 'VNP14228527', 'ATM', 'Thanh toan cho ma GD:08145015', '2023-12-08', '00', '8UX48MRS', '14228527', '00', '08145015', 'aac99ece9938706169a4910b621978713ea73ba64c70497b12ef214c6282edfb50d0a68fec1422427da6461c257e1c72fdaca22fa1e4233c71e3d05c2bc443fa'),
(52, 57, 19400000000, 'NCB', 'VNP14228527', 'ATM', 'Thanh toan cho ma GD:08145015', '2023-12-08', '00', '8UX48MRS', '14228527', '00', '08145015', 'aac99ece9938706169a4910b621978713ea73ba64c70497b12ef214c6282edfb50d0a68fec1422427da6461c257e1c72fdaca22fa1e4233c71e3d05c2bc443fa'),
(53, 58, 19400000000, 'NCB', 'VNP14228527', 'ATM', 'Thanh toan cho ma GD:08145015', '2023-12-08', '00', '8UX48MRS', '14228527', '00', '08145015', 'aac99ece9938706169a4910b621978713ea73ba64c70497b12ef214c6282edfb50d0a68fec1422427da6461c257e1c72fdaca22fa1e4233c71e3d05c2bc443fa'),
(54, 59, 19400000000, 'NCB', 'VNP14228527', 'ATM', 'Thanh toan cho ma GD:08145015', '2023-12-08', '00', '8UX48MRS', '14228527', '00', '08145015', 'aac99ece9938706169a4910b621978713ea73ba64c70497b12ef214c6282edfb50d0a68fec1422427da6461c257e1c72fdaca22fa1e4233c71e3d05c2bc443fa'),
(55, 60, 19400000000, 'NCB', 'VNP14228527', 'ATM', 'Thanh toan cho ma GD:08145015', '2023-12-08', '00', '8UX48MRS', '14228527', '00', '08145015', 'aac99ece9938706169a4910b621978713ea73ba64c70497b12ef214c6282edfb50d0a68fec1422427da6461c257e1c72fdaca22fa1e4233c71e3d05c2bc443fa'),
(56, 61, 19400000000, 'NCB', 'VNP14228527', 'ATM', 'Thanh toan cho ma GD:08145015', '2023-12-08', '00', '8UX48MRS', '14228527', '00', '08145015', 'aac99ece9938706169a4910b621978713ea73ba64c70497b12ef214c6282edfb50d0a68fec1422427da6461c257e1c72fdaca22fa1e4233c71e3d05c2bc443fa'),
(57, 62, 19400000000, 'NCB', 'VNP14228527', 'ATM', 'Thanh toan cho ma GD:08145015', '2023-12-08', '00', '8UX48MRS', '14228527', '00', '08145015', 'aac99ece9938706169a4910b621978713ea73ba64c70497b12ef214c6282edfb50d0a68fec1422427da6461c257e1c72fdaca22fa1e4233c71e3d05c2bc443fa'),
(58, 63, 19400000000, 'NCB', 'VNP14228527', 'ATM', 'Thanh toan cho ma GD:08145015', '2023-12-08', '00', '8UX48MRS', '14228527', '00', '08145015', 'aac99ece9938706169a4910b621978713ea73ba64c70497b12ef214c6282edfb50d0a68fec1422427da6461c257e1c72fdaca22fa1e4233c71e3d05c2bc443fa'),
(59, 64, 19400000000, 'NCB', 'VNP14228527', 'ATM', 'Thanh toan cho ma GD:08145015', '2023-12-08', '00', '8UX48MRS', '14228527', '00', '08145015', 'aac99ece9938706169a4910b621978713ea73ba64c70497b12ef214c6282edfb50d0a68fec1422427da6461c257e1c72fdaca22fa1e4233c71e3d05c2bc443fa'),
(60, 65, 19400000000, 'NCB', 'VNP14228527', 'ATM', 'Thanh toan cho ma GD:08145015', '2023-12-08', '00', '8UX48MRS', '14228527', '00', '08145015', 'aac99ece9938706169a4910b621978713ea73ba64c70497b12ef214c6282edfb50d0a68fec1422427da6461c257e1c72fdaca22fa1e4233c71e3d05c2bc443fa'),
(61, 66, 19400000000, 'NCB', 'VNP14228527', 'ATM', 'Thanh toan cho ma GD:08145015', '2023-12-08', '00', '8UX48MRS', '14228527', '00', '08145015', 'aac99ece9938706169a4910b621978713ea73ba64c70497b12ef214c6282edfb50d0a68fec1422427da6461c257e1c72fdaca22fa1e4233c71e3d05c2bc443fa'),
(62, 67, 19400000000, 'NCB', 'VNP14228527', 'ATM', 'Thanh toan cho ma GD:08145015', '2023-12-08', '00', '8UX48MRS', '14228527', '00', '08145015', 'aac99ece9938706169a4910b621978713ea73ba64c70497b12ef214c6282edfb50d0a68fec1422427da6461c257e1c72fdaca22fa1e4233c71e3d05c2bc443fa'),
(63, 68, 19400000000, 'NCB', 'VNP14228527', 'ATM', 'Thanh toan cho ma GD:08145015', '2023-12-08', '00', '8UX48MRS', '14228527', '00', '08145015', 'aac99ece9938706169a4910b621978713ea73ba64c70497b12ef214c6282edfb50d0a68fec1422427da6461c257e1c72fdaca22fa1e4233c71e3d05c2bc443fa'),
(64, 69, 19400000000, 'NCB', 'VNP14228527', 'ATM', 'Thanh toan cho ma GD:08145015', '2023-12-08', '00', '8UX48MRS', '14228527', '00', '08145015', 'aac99ece9938706169a4910b621978713ea73ba64c70497b12ef214c6282edfb50d0a68fec1422427da6461c257e1c72fdaca22fa1e4233c71e3d05c2bc443fa'),
(65, 70, 19400000000, 'NCB', 'VNP14228527', 'ATM', 'Thanh toan cho ma GD:08145015', '2023-12-08', '00', '8UX48MRS', '14228527', '00', '08145015', 'aac99ece9938706169a4910b621978713ea73ba64c70497b12ef214c6282edfb50d0a68fec1422427da6461c257e1c72fdaca22fa1e4233c71e3d05c2bc443fa'),
(66, 71, 19400000000, 'NCB', 'VNP14228527', 'ATM', 'Thanh toan cho ma GD:08145015', '2023-12-08', '00', '8UX48MRS', '14228527', '00', '08145015', 'aac99ece9938706169a4910b621978713ea73ba64c70497b12ef214c6282edfb50d0a68fec1422427da6461c257e1c72fdaca22fa1e4233c71e3d05c2bc443fa'),
(67, 72, 19400000000, 'NCB', 'VNP14228527', 'ATM', 'Thanh toan cho ma GD:08145015', '2023-12-08', '00', '8UX48MRS', '14228527', '00', '08145015', 'aac99ece9938706169a4910b621978713ea73ba64c70497b12ef214c6282edfb50d0a68fec1422427da6461c257e1c72fdaca22fa1e4233c71e3d05c2bc443fa'),
(68, 73, 19400000000, 'NCB', 'VNP14228527', 'ATM', 'Thanh toan cho ma GD:08145015', '2023-12-08', '00', '8UX48MRS', '14228527', '00', '08145015', 'aac99ece9938706169a4910b621978713ea73ba64c70497b12ef214c6282edfb50d0a68fec1422427da6461c257e1c72fdaca22fa1e4233c71e3d05c2bc443fa'),
(69, 74, 19400000000, 'NCB', 'VNP14228527', 'ATM', 'Thanh toan cho ma GD:08145015', '2023-12-08', '00', '8UX48MRS', '14228527', '00', '08145015', 'aac99ece9938706169a4910b621978713ea73ba64c70497b12ef214c6282edfb50d0a68fec1422427da6461c257e1c72fdaca22fa1e4233c71e3d05c2bc443fa'),
(70, 75, 19400000000, 'NCB', 'VNP14228527', 'ATM', 'Thanh toan cho ma GD:08145015', '2023-12-08', '00', '8UX48MRS', '14228527', '00', '08145015', 'aac99ece9938706169a4910b621978713ea73ba64c70497b12ef214c6282edfb50d0a68fec1422427da6461c257e1c72fdaca22fa1e4233c71e3d05c2bc443fa'),
(71, 76, 19400000000, 'NCB', 'VNP14228527', 'ATM', 'Thanh toan cho ma GD:08145015', '2023-12-08', '00', '8UX48MRS', '14228527', '00', '08145015', 'aac99ece9938706169a4910b621978713ea73ba64c70497b12ef214c6282edfb50d0a68fec1422427da6461c257e1c72fdaca22fa1e4233c71e3d05c2bc443fa'),
(72, 77, 19400000000, 'NCB', 'VNP14228527', 'ATM', 'Thanh toan cho ma GD:08145015', '2023-12-08', '00', '8UX48MRS', '14228527', '00', '08145015', 'aac99ece9938706169a4910b621978713ea73ba64c70497b12ef214c6282edfb50d0a68fec1422427da6461c257e1c72fdaca22fa1e4233c71e3d05c2bc443fa'),
(73, 78, 19400000000, 'NCB', 'VNP14228527', 'ATM', 'Thanh toan cho ma GD:08145015', '2023-12-08', '00', '8UX48MRS', '14228527', '00', '08145015', 'aac99ece9938706169a4910b621978713ea73ba64c70497b12ef214c6282edfb50d0a68fec1422427da6461c257e1c72fdaca22fa1e4233c71e3d05c2bc443fa'),
(74, 79, 19400000000, 'NCB', 'VNP14228527', 'ATM', 'Thanh toan cho ma GD:08145015', '2023-12-08', '00', '8UX48MRS', '14228527', '00', '08145015', 'aac99ece9938706169a4910b621978713ea73ba64c70497b12ef214c6282edfb50d0a68fec1422427da6461c257e1c72fdaca22fa1e4233c71e3d05c2bc443fa'),
(75, 80, 19400000000, 'NCB', 'VNP14228527', 'ATM', 'Thanh toan cho ma GD:08145015', '2023-12-08', '00', '8UX48MRS', '14228527', '00', '08145015', 'aac99ece9938706169a4910b621978713ea73ba64c70497b12ef214c6282edfb50d0a68fec1422427da6461c257e1c72fdaca22fa1e4233c71e3d05c2bc443fa'),
(76, 81, 19400000000, 'NCB', 'VNP14228527', 'ATM', 'Thanh toan cho ma GD:08145015', '2023-12-08', '00', '8UX48MRS', '14228527', '00', '08145015', 'aac99ece9938706169a4910b621978713ea73ba64c70497b12ef214c6282edfb50d0a68fec1422427da6461c257e1c72fdaca22fa1e4233c71e3d05c2bc443fa'),
(77, 82, 19400000000, 'NCB', 'VNP14228527', 'ATM', 'Thanh toan cho ma GD:08145015', '2023-12-08', '00', '8UX48MRS', '14228527', '00', '08145015', 'aac99ece9938706169a4910b621978713ea73ba64c70497b12ef214c6282edfb50d0a68fec1422427da6461c257e1c72fdaca22fa1e4233c71e3d05c2bc443fa'),
(78, 83, 19400000000, 'NCB', 'VNP14228527', 'ATM', 'Thanh toan cho ma GD:08145015', '2023-12-08', '00', '8UX48MRS', '14228527', '00', '08145015', 'aac99ece9938706169a4910b621978713ea73ba64c70497b12ef214c6282edfb50d0a68fec1422427da6461c257e1c72fdaca22fa1e4233c71e3d05c2bc443fa'),
(79, 84, 19400000000, 'NCB', 'VNP14228527', 'ATM', 'Thanh toan cho ma GD:08145015', '2023-12-08', '00', '8UX48MRS', '14228527', '00', '08145015', 'aac99ece9938706169a4910b621978713ea73ba64c70497b12ef214c6282edfb50d0a68fec1422427da6461c257e1c72fdaca22fa1e4233c71e3d05c2bc443fa'),
(80, 85, 19400000000, 'NCB', 'VNP14228527', 'ATM', 'Thanh toan cho ma GD:08145015', '2023-12-08', '00', '8UX48MRS', '14228527', '00', '08145015', 'aac99ece9938706169a4910b621978713ea73ba64c70497b12ef214c6282edfb50d0a68fec1422427da6461c257e1c72fdaca22fa1e4233c71e3d05c2bc443fa');

--
-- Indexes for dumped tables
--

--
-- Indexes for table `chitiethoadon`
--
ALTER TABLE `chitiethoadon`
  ADD PRIMARY KEY (`id`),
  ADD KEY `ma_hoa_don` (`ma_hoa_don`);

--
-- Indexes for table `hoadon`
--
ALTER TABLE `hoadon`
  ADD PRIMARY KEY (`ma_hoa_don`);

--
-- Indexes for table `mathang`
--
ALTER TABLE `mathang`
  ADD PRIMARY KEY (`m_ma`);

--
-- Indexes for table `nguoidung`
--
ALTER TABLE `nguoidung`
  ADD PRIMARY KEY (`ng_id`);

--
-- Indexes for table `nhanhieu`
--
ALTER TABLE `nhanhieu`
  ADD PRIMARY KEY (`nh_ma`);

--
-- Indexes for table `nhanvien`
--
ALTER TABLE `nhanvien`
  ADD PRIMARY KEY (`n_ma`);

--
-- Indexes for table `sanpham`
--
ALTER TABLE `sanpham`
  ADD PRIMARY KEY (`s_ma`);

--
-- Indexes for table `tb_content`
--
ALTER TABLE `tb_content`
  ADD PRIMARY KEY (`id`);

--
-- Indexes for table `tb_thanhtoan`
--
ALTER TABLE `tb_thanhtoan`
  ADD PRIMARY KEY (`id`);

--
-- AUTO_INCREMENT for dumped tables
--

--
-- AUTO_INCREMENT for table `chitiethoadon`
--
ALTER TABLE `chitiethoadon`
  MODIFY `id` int(11) NOT NULL AUTO_INCREMENT, AUTO_INCREMENT=222;

--
-- AUTO_INCREMENT for table `hoadon`
--
ALTER TABLE `hoadon`
  MODIFY `ma_hoa_don` int(10) NOT NULL AUTO_INCREMENT, AUTO_INCREMENT=86;

--
-- AUTO_INCREMENT for table `mathang`
--
ALTER TABLE `mathang`
  MODIFY `m_ma` int(5) NOT NULL AUTO_INCREMENT, AUTO_INCREMENT=9;

--
-- AUTO_INCREMENT for table `nguoidung`
--
ALTER TABLE `nguoidung`
  MODIFY `ng_id` int(11) NOT NULL AUTO_INCREMENT, AUTO_INCREMENT=4;

--
-- AUTO_INCREMENT for table `nhanhieu`
--
ALTER TABLE `nhanhieu`
  MODIFY `nh_ma` int(5) NOT NULL AUTO_INCREMENT, AUTO_INCREMENT=11;

--
-- AUTO_INCREMENT for table `nhanvien`
--
ALTER TABLE `nhanvien`
  MODIFY `n_ma` int(5) NOT NULL AUTO_INCREMENT, AUTO_INCREMENT=2;

--
-- AUTO_INCREMENT for table `sanpham`
--
ALTER TABLE `sanpham`
  MODIFY `s_ma` int(5) NOT NULL AUTO_INCREMENT, AUTO_INCREMENT=29;

--
-- AUTO_INCREMENT for table `tb_content`
--
ALTER TABLE `tb_content`
  MODIFY `id` int(10) NOT NULL AUTO_INCREMENT, AUTO_INCREMENT=16;

--
-- AUTO_INCREMENT for table `tb_thanhtoan`
--
ALTER TABLE `tb_thanhtoan`
  MODIFY `id` int(10) NOT NULL AUTO_INCREMENT, AUTO_INCREMENT=81;

--
-- Constraints for dumped tables
--

--
-- Constraints for table `chitiethoadon`
--
ALTER TABLE `chitiethoadon`
  ADD CONSTRAINT `chitiethoadon_ibfk_1` FOREIGN KEY (`ma_hoa_don`) REFERENCES `hoadon` (`ma_hoa_don`);
COMMIT;

/*!40101 SET CHARACTER_SET_CLIENT=@OLD_CHARACTER_SET_CLIENT */;
/*!40101 SET CHARACTER_SET_RESULTS=@OLD_CHARACTER_SET_RESULTS */;
/*!40101 SET COLLATION_CONNECTION=@OLD_COLLATION_CONNECTION */;
